record_id,platform,content_type,comment_id,thread_id,video_id,video_title,channel_title,video_url,video_published_at,theme,raw_text,author_hash,comment_published_at,comment_updated_at,like_count,reply_count,can_reply,is_public,viewer_rating,moderation_status,collected_at,collection_status,rejection_reason,clean_text,normalized_text_key,word_count,character_count,emoji_count,emoji_only,contains_alphanumeric,url_count,mention_count,hashtag_count,language_tag,detected_language,malay_indicator_count,english_indicator_count,spam_reasons,spam_flag,normalized_duplicate,cleaning_status,predicted_label,negative_probability,neutral_probability,positive_probability,prediction_confidence,probability_margin,confidence_category,review_priority,review_reason,manual_label,manual_review_status,manual_review_notes,final_label,model_name,annotation_stage,manual_label_options,selected_for_balanced_review,review_sequence,reviewed_at,review_decision_source,replacement_status,replacement_notes,supplement_reason,supplement_target_label
YT_UgxxhD2gLERJ2SqQZl14AaABAg,YouTube,top_level_comment,UgxxhD2gLERJ2SqQZl14AaABAg,UgxxhD2gLERJ2SqQZl14AaABAg,9tQzzOjBIdI,KOS SARA HIDUP | Kerajaan Bakal Umum Langkah Tangani Kos Sara Hidup,Buletin TV3,https://www.youtube.com/watch?v=9tQzzOjBIdI,2025-07-19T05:38:22Z,cost_of_living_public_policy,Nk tetapkan hari pn berat... Boleh percaya ke ni?,2c69e60f960165c3301f,2025-07-19T07:43:56Z,2025-07-19T07:43:56Z,0,0,True,True,none,,2026-06-17T15:11:40.015694+00:00,raw,,Nk tetapkan hari pn berat.. Boleh percaya ke ni?,nk tetapkan hari pn berat boleh percaya ke ni,9,48,0,False,True,0,0,0,BM,id,1,0,,False,False,accepted,neutral,0.3528987467288971,0.4070525467395782,0.2400486767292022,0.4070525467395782,0.0541538000106811,low,high,low_confidence | small_probability_margin | neutral_prediction,negative,reviewed,Reverted wrong sequence-based correction back to negative,negative,cardiffnlp/twitter-xlm-roberta-base-sentiment-multilingual,automatic_prelabel,positive | neutral | negative | uncertain,True,37,2026-06-18 20:39:17,human_manual_text_based_revert,,,,
YT_Ugww4CbB6kKf5ZpEx654AaABAg,YouTube,top_level_comment,Ugww4CbB6kKf5ZpEx654AaABAg,Ugww4CbB6kKf5ZpEx654AaABAg,9tQzzOjBIdI,KOS SARA HIDUP | Kerajaan Bakal Umum Langkah Tangani Kos Sara Hidup,Buletin TV3,https://www.youtube.com/watch?v=9tQzzOjBIdI,2025-07-19T05:38:22Z,cost_of_living_public_policy,"Apa yang dia nak umum pun, dia tetap kena turun.",ef2bf6d60e994bf9476e,2025-07-19T06:56:08Z,2025-07-19T06:56:08Z,4,1,True,True,none,,2026-06-17T15:11:40.015831+00:00,raw,,"Apa yang dia nak umum pun, dia tetap kena turun.",apa yang dia nak umum pun dia tetap kena turun,10,48,0,False,True,0,0,0,BM,id,3,0,,False,False,accepted,neutral,0.3713524341583252,0.4074184000492096,0.2212291806936264,0.4074184000492096,0.0360659658908844,low,high,low_confidence | small_probability_margin | neutral_prediction,negative,reviewed,,negative,cardiffnlp/twitter-xlm-roberta-base-sentiment-multilingual,automatic_prelabel,positive | neutral | negative | uncertain,True,38,2026-06-18 15:31:55,human_manual_review,,,,
YT_UgwVgE6JwFiCssTDKSp4AaABAg,YouTube,top_level_comment,UgwVgE6JwFiCssTDKSp4AaABAg,UgwVgE6JwFiCssTDKSp4AaABAg,9tQzzOjBIdI,KOS SARA HIDUP | Kerajaan Bakal Umum Langkah Tangani Kos Sara Hidup,Buletin TV3,https://www.youtube.com/watch?v=9tQzzOjBIdI,2025-07-19T05:38:22Z,cost_of_living_public_policy,aku nak 1000 hengget.. boleh kasikah? setakat 150 tak payahlah bro,48b1971213bb600403be,2025-07-21T00:22:19Z,2025-07-21T00:22:19Z,2,0,True,True,none,,2026-06-17T15:11:40.015073+00:00,raw,,aku nak 1000 hengget.. boleh kasikah? setakat 150 tak payahlah bro,aku nak 1000 hengget boleh kasikah setakat 150 tak payahlah bro,11,66,0,False,True,0,0,0,BM,id,4,0,,False,False,accepted,neutral,0.2399622797966003,0.4544816613197326,0.3055561482906341,0.4544816613197326,0.1489255130290985,low,high,low_confidence | small_probability_margin | neutral_prediction,negative,reviewed,,negative,cardiffnlp/twitter-xlm-roberta-base-sentiment-multilingual,automatic_prelabel,positive | neutral | negative | uncertain,True,87,2026-06-18 15:42:22,human_manual_review,,,,
YT_UgxNTPeCJVYKUAqyWdh4AaABAg,YouTube,top_level_comment,UgxNTPeCJVYKUAqyWdh4AaABAg,UgxNTPeCJVYKUAqyWdh4AaABAg,J5SEcQAe1AM,Why Malaysia Forces You to Own a Car,UrbanShiftMY,https://www.youtube.com/watch?v=J5SEcQAe1AM,2026-05-11T05:16:17Z,transport_public_services,"urban design in malaysia is very similiar to the US, almost zero walkability, car dependency everywhere",ea8653e556bcb84ed24a,2026-05-25T02:52:43Z,2026-05-25T02:52:43Z,0,0,True,True,none,,2026-06-17T15:11:48.077160+00:00,raw,,"urban design in malaysia is very similiar to the US, almost zero walkability, car dependency everywhere",urban design in malaysia is very similiar to the us almost zero walkability car dependency everywhere,16,103,0,False,True,0,0,0,MIXED,en,1,3,,False,False,accepted,negative,0.458556056022644,0.3365660905838012,0.2048778235912323,0.458556056022644,0.1219899654388427,low,high,low_confidence | small_probability_margin | mixed_language,negative,reviewed,Reverted wrong sequence-based correction back to negative,negative,cardiffnlp/twitter-xlm-roberta-base-sentiment-multilingual,automatic_prelabel,positive | neutral | negative | uncertain,True,94,2026-06-18 20:39:17,human_manual_text_based_revert,,,,
YT_UgyKkPbcbWRL6l8fJlJ4AaABAg,YouTube,top_level_comment,UgyKkPbcbWRL6l8fJlJ4AaABAg,UgyKkPbcbWRL6l8fJlJ4AaABAg,Yu37CmWLvK0,SATU MALAYSIA KENA SCAM MAKANAN DI BAZAR RAMADAN‼️ LELAKI SOUND PENIAGA BAZAAR,NuR MuHD,https://www.youtube.com/watch?v=Yu37CmWLvK0,2026-02-22T17:36:49Z,festivals_national_events,Ramadan peluang mereka menipu org..aku beli laksa penang..kuahnya terlalu pekat pekat mcm kuah kari..dan rasanya hangus2..,c5146220ec48c9ef85f9,2026-03-04T01:05:31Z,2026-03-04T01:08:14Z,0,0,True,True,none,,2026-06-17T15:11:44.742722+00:00,raw,,Ramadan peluang mereka menipu org..aku beli laksa penang..kuahnya terlalu pekat pekat mcm kuah kari..dan rasanya hangus2..,ramadan peluang mereka menipu org aku beli laksa penang kuahnya terlalu pekat pekat mcm kuah kari dan rasanya hangus2,19,122,0,False,True,0,0,0,BM,id,3,0,,False,False,accepted,positive,0.2982933223247528,0.23807293176651,0.4636337459087372,0.4636337459087372,0.1653404235839843,low,high,low_confidence,negative,reviewed,,negative,cardiffnlp/twitter-xlm-roberta-base-sentiment-multilingual,automatic_prelabel,positive | neutral | negative | uncertain,True,101,2026-06-18 15:44:29,human_manual_review,,,,
YT_Ugy4W8yLWpN73lRj25t4AaABAg,YouTube,top_level_comment,Ugy4W8yLWpN73lRj25t4AaABAg,Ugy4W8yLWpN73lRj25t4AaABAg,Yu37CmWLvK0,SATU MALAYSIA KENA SCAM MAKANAN DI BAZAR RAMADAN‼️ LELAKI SOUND PENIAGA BAZAAR,NuR MuHD,https://www.youtube.com/watch?v=Yu37CmWLvK0,2026-02-22T17:36:49Z,festivals_national_events,salah satu sbb aku x g bazar ramadan. sbb ni lah aku suh adik aku ikut kelas Khairul Aming.,69348310a1508faa4b1b,2026-02-27T14:15:30Z,2026-02-27T14:15:30Z,0,0,True,True,none,,2026-06-17T15:11:44.743312+00:00,raw,,salah satu sbb aku x g bazar ramadan. sbb ni lah aku suh adik aku ikut kelas Khairul Aming.,salah satu sbb aku x g bazar ramadan sbb ni lah aku suh adik aku ikut kelas khairul aming,19,91,0,False,True,0,0,0,BM,id,2,0,,False,False,accepted,positive,0.2282533645629882,0.2943066358566284,0.4774399101734161,0.4774399101734161,0.1831332743167877,low,high,low_confidence,negative,reviewed,,negative,cardiffnlp/twitter-xlm-roberta-base-sentiment-multilingual,automatic_prelabel,positive | neutral | negative | uncertain,True,113,2026-06-18 15:46:51,human_manual_review,,,,
YT_UgzSo47g5q6e5V8pkjV4AaABAg,YouTube,top_level_comment,UgzSo47g5q6e5V8pkjV4AaABAg,UgzSo47g5q6e5V8pkjV4AaABAg,Yu37CmWLvK0,SATU MALAYSIA KENA SCAM MAKANAN DI BAZAR RAMADAN‼️ LELAKI SOUND PENIAGA BAZAAR,NuR MuHD,https://www.youtube.com/watch?v=Yu37CmWLvK0,2026-02-22T17:36:49Z,festivals_national_events,Yg niaga bazar bkn peniaga yg hari2 niaga. Diorang muncul setahun sekaligus CRI untung,003a7ebff0356d1e4af1,2026-03-03T10:19:56Z,2026-03-03T10:19:56Z,0,0,True,True,none,,2026-06-17T15:11:44.742784+00:00,raw,,Yg niaga bazar bkn peniaga yg hari2 niaga. Diorang muncul setahun sekaligus CRI untung,yg niaga bazar bkn peniaga yg hari2 niaga diorang muncul setahun sekaligus cri untung,14,86,0,False,True,0,0,0,BM,id,0,0,,False,False,accepted,neutral,0.2463114708662033,0.4915314316749573,0.262157142162323,0.4915314316749573,0.2293742895126342,low,high,low_confidence | neutral_prediction,negative,reviewed,,negative,cardiffnlp/twitter-xlm-roberta-base-sentiment-multilingual,automatic_prelabel,positive | neutral | negative | uncertain,True,137,2026-06-18 15:51:41,human_manual_review,,,,
YT_UgyW35IHcrsj-Jklal14AaABAg,YouTube,top_level_comment,UgyW35IHcrsj-Jklal14AaABAg,UgyW35IHcrsj-Jklal14AaABAg,Wk-HcKtIaGY,Are We About to See a Chinese Tourist Boom in Malaysia?,Ziet Invests,https://www.youtube.com/watch?v=Wk-HcKtIaGY,2026-02-12T11:00:42Z,tourism_lifestyle_events,But Malaysian always gatekeep Malaysia saying we lived in tree and it's a ai vid when Ang Mo show Malaysia scenery 😂,0c0d6a581f933807411a,2026-02-13T07:06:37Z,2026-02-13T07:06:37Z,6,0,True,True,none,,2026-06-17T15:11:46.187973+00:00,raw,,But Malaysian always gatekeep Malaysia saying we lived in tree and it's a ai vid when Ang Mo show Malaysia scenery 😂,but malaysian always gatekeep malaysia saying we lived in tree and it s a ai vid when ang mo show malaysia scenery,21,116,1,False,True,0,0,0,MIXED,en,2,2,,False,False,accepted,neutral,0.2420864701271057,0.5074182152748108,0.2504953145980835,0.5074182152748108,0.2569229006767273,low,high,low_confidence | neutral_prediction | mixed_language,negative,reviewed,,negative,cardiffnlp/twitter-xlm-roberta-base-sentiment-multilingual,automatic_prelabel,positive | neutral | negative | uncertain,True,162,2026-06-18 15:55:11,human_manual_review,,,,
YT_UgwnTLwfYOE06SXi_GV4AaABAg,YouTube,top_level_comment,UgwnTLwfYOE06SXi_GV4AaABAg,UgwnTLwfYOE06SXi_GV4AaABAg,UGAL8690ngc,"Bantuan Asas Rahmah diteruskan: RM100 untuk  dewasa, RM500 untuk penerima miskin tegar - Anwar",KiniTV,https://www.youtube.com/watch?v=UGAL8690ngc,2026-01-05T06:06:45Z,cost_of_living_public_policy,Stop depending on gov handouts. Work harder if you're not a child or an OKU or sick or old.,fc915ebd040b10efd394,2026-01-06T08:41:59Z,2026-01-06T08:41:59Z,2,1,True,True,none,,2026-06-17T15:11:40.406204+00:00,raw,,Stop depending on gov handouts. Work harder if you're not a child or an OKU or sick or old.,stop depending on gov handouts work harder if you re not a child or an oku or sick or old,19,91,0,False,True,0,0,0,EN,en,0,1,,False,False,accepted,neutral,0.3302267789840698,0.52030348777771,0.1494696885347366,0.52030348777771,0.1900767087936401,low,high,low_confidence | neutral_prediction,negative,reviewed,,negative,cardiffnlp/twitter-xlm-roberta-base-sentiment-multilingual,automatic_prelabel,positive | neutral | negative | uncertain,True,184,2026-06-18 16:00:13,human_manual_review,,,,
YT_UgyzrkGpob4FHuAq0Qt4AaABAg,YouTube,top_level_comment,UgyzrkGpob4FHuAq0Qt4AaABAg,UgyzrkGpob4FHuAq0Qt4AaABAg,zCSY4bGWUXc,"Suara Rakyat: Nilai semula subsidi petrol golongan kaya, apa kata orang miskin?",Astro AWANI,https://www.youtube.com/watch?v=zCSY4bGWUXc,2026-05-11T12:14:22Z,cost_of_living_public_policy,Nilai semula hak istmewa.,e83cf372446df6ea8508,2026-05-11T13:44:14Z,2026-05-11T13:44:14Z,2,0,True,True,none,,2026-06-17T15:11:37.971116+00:00,raw,,Nilai semula hak istmewa.,nilai semula hak istmewa,4,25,0,False,True,0,0,0,BM,id,0,0,,False,False,accepted,neutral,0.2355221509933471,0.5219957828521729,0.2424821406602859,0.5219957828521729,0.2795136421918869,low,high,low_confidence | neutral_prediction,negative,reviewed,,negative,cardiffnlp/twitter-xlm-roberta-base-sentiment-multilingual,automatic_prelabel,positive | neutral | negative | uncertain,True,190,2026-06-18 16:01:31,human_manual_review,,,,
YT_Ugyi8-pO64-YA8FlInF4AaABAg,YouTube,top_level_comment,Ugyi8-pO64-YA8FlInF4AaABAg,Ugyi8-pO64-YA8FlInF4AaABAg,0zi0v_kJ7BE,"Belanjawan 2026: Bantuan tunai STR dikurang RM300, Sara naik",KiniTV,https://www.youtube.com/watch?v=0zi0v_kJ7BE,2025-10-13T05:24:51Z,cost_of_living_public_policy,600 cukup ke setahun dah la barang kene pilih terbaik,21d1fbf5241442ec184e,2026-05-29T03:20:12Z,2026-05-29T03:20:12Z,0,0,True,True,none,,2026-06-17T15:11:41.175538+00:00,raw,,600 cukup ke setahun dah la barang kene pilih terbaik,600 cukup ke setahun dah la barang kene pilih terbaik,10,53,0,False,True,0,0,0,BM,id,2,0,,False,False,accepted,positive,0.2529850900173187,0.2226642966270446,0.5243505835533142,0.5243505835533142,0.2713654935359955,low,high,low_confidence,negative,reviewed,,negative,cardiffnlp/twitter-xlm-roberta-base-sentiment-multilingual,automatic_prelabel,positive | neutral | negative | uncertain,True,198,2026-06-18 16:02:42,human_manual_review,,,,
YT_Ugwds1VzTGWc9yyf1Wh4AaABAg,YouTube,top_level_comment,Ugwds1VzTGWc9yyf1Wh4AaABAg,Ugwds1VzTGWc9yyf1Wh4AaABAg,0zi0v_kJ7BE,"Belanjawan 2026: Bantuan tunai STR dikurang RM300, Sara naik",KiniTV,https://www.youtube.com/watch?v=0zi0v_kJ7BE,2025-10-13T05:24:51Z,cost_of_living_public_policy,Memang patutlah pmx ini ni di turunkan..👍👍,5f8410e36116852f8c55,2025-10-14T00:51:46Z,2025-10-14T00:51:46Z,31,5,True,True,none,,2026-06-17T15:11:41.529044+00:00,raw,,Memang patutlah pmx ini ni di turunkan..👍👍,memang patutlah pmx ini ni di turunkan,7,42,2,False,True,0,0,0,BM,id,2,0,,False,False,accepted,positive,0.2484728991985321,0.204891487956047,0.546635627746582,0.546635627746582,0.2981627285480499,low,high,low_confidence,negative,reviewed,Reverted wrong sequence-based correction back to negative,negative,cardiffnlp/twitter-xlm-roberta-base-sentiment-multilingual,automatic_prelabel,positive | neutral | negative | uncertain,True,242,2026-06-18 20:39:17,human_manual_text_based_revert,,,,
YT_Ugz5cm0R0s1gHSMzyxx4AaABAg,YouTube,top_level_comment,Ugz5cm0R0s1gHSMzyxx4AaABAg,Ugz5cm0R0s1gHSMzyxx4AaABAg,FgMUKH-xEec,"Kerajaan setuju semakan tarik subsidi minyak golongan berpendapatan tinggi, kata PM",Free Malaysia Today,https://www.youtube.com/watch?v=FgMUKH-xEec,2026-05-10T09:06:58Z,cost_of_living_public_policy,"Aq setuju kalau tarik semua subsidi untuk menteri kerajaan, tarik jugak semua elaun menteri kerajaan dan turunkan gaji menteri menteri kerajaan 50%.... Sebab elaun dan gaji korang LANGSUNG TAK SETIMPAL DENGAN KERJA KORANG!!!!!",9a370e7ff35780819367,2026-05-10T11:15:27Z,2026-05-10T11:15:27Z,12,0,True,True,none,,2026-06-17T15:11:41.872386+00:00,raw,,"Aq setuju kalau tarik semua subsidi untuk menteri kerajaan, tarik jugak semua elaun menteri kerajaan dan turunkan gaji menteri menteri kerajaan 50%.. Sebab elaun dan gaji korang LANGSUNG TAK SETIMPAL DENGAN KERJA KORANG!!",aq setuju kalau tarik semua subsidi untuk menteri kerajaan tarik jugak semua elaun menteri kerajaan dan turunkan gaji menteri menteri kerajaan 50 sebab elaun dan gaji korang langsung tak setimpal dengan kerja korang,33,221,0,False,True,0,0,0,BM,id,8,0,,False,False,accepted,negative,0.5562928318977356,0.191524401307106,0.2521827816963196,0.5562928318977356,0.304110050201416,low,high,low_confidence,negative,reviewed,,negative,cardiffnlp/twitter-xlm-roberta-base-sentiment-multilingual,automatic_prelabel,positive | neutral | negative | uncertain,True,269,2026-06-18 17:06:11,human_manual_review,,,,
YT_UgzGc-NlU7jpBr270oh4AaABAg,YouTube,top_level_comment,UgzGc-NlU7jpBr270oh4AaABAg,UgzGc-NlU7jpBr270oh4AaABAg,lWY3O9pFexo,KOS SARA HIDUP | PM Umum Butiran Penghargaan Untuk Rakyat Esok (BU),Buletin TV3,https://www.youtube.com/watch?v=lWY3O9pFexo,2025-07-22T12:11:44Z,cost_of_living_public_policy,PM X tlg Lulus kwsp fleksibel ACC 1 Tu rakyat Malaysia,0f3c36b3338952ca1dfe,2025-07-22T15:48:41Z,2025-07-22T15:48:41Z,2,0,True,True,none,,2026-06-17T15:11:38.331010+00:00,raw,,PM X tlg Lulus kwsp fleksibel ACC 1 Tu rakyat Malaysia,pm x tlg lulus kwsp fleksibel acc 1 tu rakyat malaysia,11,54,0,False,True,0,0,0,BM,id,2,0,,False,False,accepted,neutral,0.2145584225654602,0.5682671070098877,0.2171745002269745,0.5682671070098877,0.3510926067829132,low,high,low_confidence | neutral_prediction,negative,reviewed,,negative,cardiffnlp/twitter-xlm-roberta-base-sentiment-multilingual,automatic_prelabel,positive | neutral | negative | uncertain,True,286,2026-06-18 17:09:07,human_manual_review,,,,
YT_UgwmjQVow3XOG29W2o94AaABAg,YouTube,top_level_comment,UgwmjQVow3XOG29W2o94AaABAg,UgwmjQVow3XOG29W2o94AaABAg,Wk-HcKtIaGY,Are We About to See a Chinese Tourist Boom in Malaysia?,Ziet Invests,https://www.youtube.com/watch?v=Wk-HcKtIaGY,2026-02-12T11:00:42Z,tourism_lifestyle_events,"Haiyoh, but they keep saying another COVID will come this year....",6899168c5b632a4b0d32,2026-02-13T04:01:32Z,2026-02-13T04:01:32Z,2,1,True,True,none,,2026-06-17T15:11:46.188043+00:00,raw,,"Haiyoh, but they keep saying another COVID will come this year..",haiyoh but they keep saying another covid will come this year,11,64,0,False,True,0,0,0,EN,en,0,2,,False,False,accepted,negative,0.5992392897605896,0.3599561154842376,0.0408046133816242,0.5992392897605896,0.2392831742763519,low,high,low_confidence,negative,reviewed,,negative,cardiffnlp/twitter-xlm-roberta-base-sentiment-multilingual,automatic_prelabel,positive | neutral | negative | uncertain,True,344,2026-06-18 18:22:48,human_manual_review,,,,
YT_UgyqHLXVuW6L143Ilad4AaABAg,YouTube,top_level_comment,UgyqHLXVuW6L143Ilad4AaABAg,UgyqHLXVuW6L143Ilad4AaABAg,dDRZ6AZbcfw,Malaysian Hawker Fights To Keep His Noodles Affordable As Food Prices Rise | Money Mind | Inflation,CNA Insider,https://www.youtube.com/watch?v=dDRZ6AZbcfw,2025-11-25T14:01:10Z,cost_of_living_public_policy,Why CNA busy body with our Malaysia F&B.We here have affordable price for our groceries.,67030aa1ea4c9c506f32,2025-11-26T14:31:56Z,2025-11-26T14:31:56Z,0,0,True,True,none,,2026-06-17T15:11:42.418567+00:00,raw,,Why CNA busy body with our Malaysia F&B.We here have affordable price for our groceries.,why cna busy body with our malaysia f b we here have affordable price for our groceries,17,88,0,False,True,0,0,0,MIXED,en,1,3,,False,False,accepted,positive,0.0586592927575111,0.2867102324962616,0.6546304821968079,0.6546304821968079,0.3679202497005462,medium,medium,medium_confidence | mixed_language,negative,reviewed,,negative,cardiffnlp/twitter-xlm-roberta-base-sentiment-multilingual,automatic_prelabel,positive | neutral | negative | uncertain,True,362,2026-06-18 18:26:16,human_manual_review,,,,
YT_UgyaRhOmDyX_Soh85A94AaABAg,YouTube,top_level_comment,UgyaRhOmDyX_Soh85A94AaABAg,UgyaRhOmDyX_Soh85A94AaABAg,L-iPwc5b3oI,Malaysia rolls out the welcome mat for first tourists of 2026,The Star,https://www.youtube.com/watch?v=L-iPwc5b3oI,2026-01-01T05:54:35Z,tourism_lifestyle_events,Panglima mendonia cuti cuti Malaysia isteri suri rumah millionaire pangkat cemerlang jasa negara koleksi jam Patik baginda Philippe. Takbir takbir takbir!,73318ac874ca5ba4abd1,2026-01-01T12:07:12Z,2026-01-01T12:07:12Z,2,0,True,True,none,,2026-06-17T15:11:45.906679+00:00,raw,,Panglima mendonia cuti cuti Malaysia isteri suri rumah millionaire pangkat cemerlang jasa negara koleksi jam Patik baginda Philippe. Takbir takbir takbir!,panglima mendonia cuti cuti malaysia isteri suri rumah millionaire pangkat cemerlang jasa negara koleksi jam patik baginda philippe takbir takbir takbir,21,154,0,False,True,0,0,0,BM,id,1,0,,False,False,accepted,positive,0.1223677396774292,0.1830154806375503,0.6946167945861816,0.6946167945861816,0.5116013139486313,medium,medium,medium_confidence,negative,reviewed,,negative,cardiffnlp/twitter-xlm-roberta-base-sentiment-multilingual,automatic_prelabel,positive | neutral | negative | uncertain,True,388,2026-06-18 18:31:52,human_manual_review,,,,
YT_UgwfOucp728Z_D2JDMZ4AaABAg,YouTube,top_level_comment,UgwfOucp728Z_D2JDMZ4AaABAg,UgwfOucp728Z_D2JDMZ4AaABAg,UGAL8690ngc,"Bantuan Asas Rahmah diteruskan: RM100 untuk  dewasa, RM500 untuk penerima miskin tegar - Anwar",KiniTV,https://www.youtube.com/watch?v=UGAL8690ngc,2026-01-05T06:06:45Z,cost_of_living_public_policy,"STR mana ada Rm500, Sara Rm100 🤭",eb6008892d7192e77dbf,2026-02-01T12:50:56Z,2026-02-01T12:50:56Z,0,0,True,True,none,,2026-06-17T15:11:40.405173+00:00,raw,,"STR mana ada Rm500, Sara Rm100 🤭",str mana ada rm500 sara rm100,6,32,1,False,True,0,0,0,BM,id,0,0,,False,False,accepted,neutral,0.1173391863703727,0.7215988039970398,0.161061942577362,0.7215988039970398,0.5605368614196777,medium,medium,medium_confidence | neutral_prediction,negative,reviewed,,negative,cardiffnlp/twitter-xlm-roberta-base-sentiment-multilingual,automatic_prelabel,positive | neutral | negative | uncertain,True,413,2026-06-18 18:35:53,human_manual_review,,,,
YT_UgzkQFC7LIKrw3pyU_14AaABAg,YouTube,top_level_comment,UgzkQFC7LIKrw3pyU_14AaABAg,UgzkQFC7LIKrw3pyU_14AaABAg,mVmYibok-7A,[TERKINI] MOF sekat MyKad individu salah guna subsidi BUDI95,Astro AWANI,https://www.youtube.com/watch?v=mVmYibok-7A,2026-03-23T23:22:33Z,cost_of_living_public_policy,"Gang geng Geng PAS Bersatu kata kahwin 4 bini, dapat untung banyak dari subsidi kerajaan",83bb220b0804ab54536d,2026-03-24T03:36:19Z,2026-03-24T03:36:19Z,1,0,True,True,none,,2026-06-17T15:11:39.404572+00:00,raw,,"Gang geng Geng PAS Bersatu kata kahwin 4 bini, dapat untung banyak dari subsidi kerajaan",gang geng geng pas bersatu kata kahwin 4 bini dapat untung banyak dari subsidi kerajaan,15,88,0,False,True,0,0,0,BM,id,2,0,,False,False,accepted,positive,0.0988700464367866,0.1718402355909347,0.729289710521698,0.729289710521698,0.5574494749307632,medium,medium,medium_confidence,negative,reviewed,,negative,cardiffnlp/twitter-xlm-roberta-base-sentiment-multilingual,automatic_prelabel,positive | neutral | negative | uncertain,True,418,2026-06-18 18:36:24,human_manual_review,,,,
YT_Ugw-dqlkmRud3rufVl54AaABAg,YouTube,top_level_comment,Ugw-dqlkmRud3rufVl54AaABAg,Ugw-dqlkmRud3rufVl54AaABAg,bjYbNs8TvLc,[PENUH] Perkembangan Terkini Proses Cerapan Anak Bulan Syawal | 19 Mac 2026,Buletin TV3,https://www.youtube.com/watch?v=bjYbNs8TvLc,2026-03-19T10:26:41Z,festivals_national_events,"Yovheliym (Jubilees) 6:36-38 For there will be those who will assuredly make observations of the moon how it disturbs the seasons and comes in from year to year ten days too soon. For this reason the years will come upon them when they will disturb the order, and make an abominable day the day of testimony, and an unclean day a feast day, and they will confound all the days, the holy with the unclean, and the unclean day with the holy; for they will go wrong as to the months and Shabbaths and feasts and jubilees. For this reason I command and testify to you that you may testify to them; for after your death your children will disturb them, so that they will not make the year three hundred and sixty four days only, and for this reason they will go wrong as to the New Moons and seasons and Shabbaths and feasts, and they will eat all kinds of blood with all kinds of flesh.",3e8ab4d2b82d83abe628,2026-03-19T10:37:25Z,2026-03-19T10:37:25Z,0,0,True,True,none,,2026-06-17T15:11:44.348424+00:00,raw,,"Yovheliym (Jubilees) 6:36-38 For there will be those who will assuredly make observations of the moon how it disturbs the seasons and comes in from year to year ten days too soon. For this reason the years will come upon them when they will disturb the order, and make an abominable day the day of testimony, and an unclean day a feast day, and they will confound all the days, the holy with the unclean, and the unclean day with the holy; for they will go wrong as to the months and Shabbaths and feasts and jubilees. For this reason I command and testify to you that you may testify to them; for after your death your children will disturb them, so that they will not make the year three hundred and sixty four days only, and for this reason they will go wrong as to the New Moons and seasons and Shabbaths and feasts, and they will eat all kinds of blood with all kinds of flesh.",yovheliym jubilees 6 36 38 for there will be those who will assuredly make observations of the moon how it disturbs the seasons and comes in from year to year ten days too soon for this reason the years will come upon them when they will disturb the order and make an abominable day the day of testimony and an unclean day a feast day and they will confound all the days the holy with the unclean and the unclean day with the holy for they will go wrong as to the months and shabbaths and feasts and jubilees for this reason i command and testify to you that you may testify to them for after your death your children will disturb them so that they will not make the year three hundred and sixty four days only and for this reason they will go wrong as to the new moons and seasons and shabbaths and feasts and they will eat all kinds of blood with all kinds of flesh,169,882,0,False,True,0,0,0,EN,en,0,8,,False,False,accepted,neutral,0.0273285061120986,0.7390356063842773,0.2336358577013015,0.7390356063842773,0.5053997486829758,medium,medium,medium_confidence | neutral_prediction,negative,reviewed,,negative,cardiffnlp/twitter-xlm-roberta-base-sentiment-multilingual,automatic_prelabel,positive | neutral | negative | uncertain,True,427,2026-06-18 18:37:52,human_manual_review,,,,
YT_UgyZwj-31Glk9W_Fzu14AaABAg,YouTube,top_level_comment,UgyZwj-31Glk9W_Fzu14AaABAg,UgyZwj-31Glk9W_Fzu14AaABAg,0zi0v_kJ7BE,"Belanjawan 2026: Bantuan tunai STR dikurang RM300, Sara naik",KiniTV,https://www.youtube.com/watch?v=0zi0v_kJ7BE,2025-10-13T05:24:51Z,cost_of_living_public_policy,Npe x sara str di gabungkan je kan senang x lh org beratur panjang berenam jam dgn system down of Line bagai dh lh berbaris 5 jam of Line pulak tu serik dah berulang kali kena sudah ny tglkn troli balik 0.. myusah kn org sak bah,8493edd405a7e6826a02,2025-10-15T09:26:41Z,2025-10-15T09:26:41Z,0,0,True,True,none,,2026-06-17T15:11:41.176514+00:00,raw,,Npe x sara str di gabungkan je kan senang x lh org beratur panjang berenam jam dgn system down of Line bagai dh lh berbaris 5 jam of Line pulak tu serik dah berulang kali kena sudah ny tglkn troli balik 0.. myusah kn org sak bah,npe x sara str di gabungkan je kan senang x lh org beratur panjang berenam jam dgn system down of line bagai dh lh berbaris 5 jam of line pulak tu serik dah berulang kali kena sudah ny tglkn troli balik 0 myusah kn org sak bah,47,228,0,False,True,0,0,0,BM,id,4,0,,False,False,accepted,negative,0.7544734477996826,0.1251708269119262,0.1203556731343269,0.7544734477996826,0.6293026208877563,medium,medium,medium_confidence,negative,reviewed,,negative,cardiffnlp/twitter-xlm-roberta-base-sentiment-multilingual,automatic_prelabel,positive | neutral | negative | uncertain,True,450,2026-06-18 18:42:38,human_manual_review,,,,
YT_Ugx_8doazDefTz_BkOF4AaABAg,YouTube,top_level_comment,Ugx_8doazDefTz_BkOF4AaABAg,Ugx_8doazDefTz_BkOF4AaABAg,mVmYibok-7A,[TERKINI] MOF sekat MyKad individu salah guna subsidi BUDI95,Astro AWANI,https://www.youtube.com/watch?v=mVmYibok-7A,2026-03-23T23:22:33Z,cost_of_living_public_policy,Ada org nk spare minyak di rumah utk motor lain lgi yg ada kt rumah...itu pon nk berkira sangat ka..agak2 la,94d3c4708c70e8452a20,2026-03-24T06:17:54Z,2026-03-24T06:17:54Z,2,0,True,True,none,,2026-06-17T15:11:39.037900+00:00,raw,,Ada org nk spare minyak di rumah utk motor lain lgi yg ada kt rumah..itu pon nk berkira sangat ka..agak2 la,ada org nk spare minyak di rumah utk motor lain lgi yg ada kt rumah itu pon nk berkira sangat ka agak2 la,23,107,0,False,True,0,0,0,BM,id,2,0,,False,False,accepted,negative,0.7552560567855835,0.1663916856050491,0.0783522650599479,0.7552560567855835,0.5888643711805344,medium,medium,medium_confidence,negative,reviewed,,negative,cardiffnlp/twitter-xlm-roberta-base-sentiment-multilingual,automatic_prelabel,positive | neutral | negative | uncertain,True,452,2026-06-18 18:42:56,human_manual_review,,,,
YT_UgwBCPnavBPBxYChiRF4AaABAg,YouTube,top_level_comment,UgwBCPnavBPBxYChiRF4AaABAg,UgwBCPnavBPBxYChiRF4AaABAg,lWY3O9pFexo,KOS SARA HIDUP | PM Umum Butiran Penghargaan Untuk Rakyat Esok (BU),Buletin TV3,https://www.youtube.com/watch?v=lWY3O9pFexo,2025-07-22T12:11:44Z,cost_of_living_public_policy,Luar biasa? haha mgkin apa yg dijanji kan dolu di'KOTA'kan? 👏,a5b953f7890c395db93a,2025-07-22T15:10:41Z,2025-07-22T15:10:41Z,0,0,True,True,none,,2026-06-17T15:11:38.331121+00:00,raw,,Luar biasa? haha mgkin apa yg dijanji kan dolu di'KOTA'kan? 👏,luar biasa haha mgkin apa yg dijanji kan dolu di kota kan,10,61,1,False,True,0,0,0,BM,id,1,0,,False,False,accepted,positive,0.1101288646459579,0.1324016004800796,0.7574694752693176,0.7574694752693176,0.625067874789238,medium,medium,medium_confidence,negative,reviewed,,negative,cardiffnlp/twitter-xlm-roberta-base-sentiment-multilingual,automatic_prelabel,positive | neutral | negative | uncertain,True,457,2026-06-18 18:43:47,human_manual_review,,,,
YT_UgwfUHPyEW9doI1sZgx4AaABAg,YouTube,top_level_comment,UgwfUHPyEW9doI1sZgx4AaABAg,UgwfUHPyEW9doI1sZgx4AaABAg,J5SEcQAe1AM,Why Malaysia Forces You to Own a Car,UrbanShiftMY,https://www.youtube.com/watch?v=J5SEcQAe1AM,2026-05-11T05:16:17Z,transport_public_services,no turning back now unfortunately,28b137e965968163f4fd,2026-05-13T13:11:24Z,2026-05-13T13:11:24Z,0,0,True,True,none,,2026-06-17T15:11:48.080887+00:00,raw,,no turning back now unfortunately,no turning back now unfortunately,5,33,0,False,True,0,0,0,EN,en,0,0,,False,False,accepted,negative,0.7596961259841919,0.1853585392236709,0.0549452826380729,0.7596961259841919,0.5743375867605209,medium,medium,medium_confidence,negative,reviewed,,negative,cardiffnlp/twitter-xlm-roberta-base-sentiment-multilingual,automatic_prelabel,positive | neutral | negative | uncertain,True,465,2026-06-18 18:45:00,human_manual_review,,,,
YT_UgyDjPpnbQD_OkBYDkZ4AaABAg,YouTube,top_level_comment,UgyDjPpnbQD_OkBYDkZ4AaABAg,UgyDjPpnbQD_OkBYDkZ4AaABAg,0zi0v_kJ7BE,"Belanjawan 2026: Bantuan tunai STR dikurang RM300, Sara naik",KiniTV,https://www.youtube.com/watch?v=0zi0v_kJ7BE,2025-10-13T05:24:51Z,cost_of_living_public_policy,"Laa bantuan ne nak bantu semua rakyat bujang makan je ke dah la bayaran rm50 sebulan😂😂😂kalo dulu ringan sikit boleh kumpul bantuan cash tu buat modal berkebun kecil2an, beli tool tuk buat keja penghasilan, dan mcm2 lagi la tuk dijadikan modalnya,ada juga member sampai sekarang ne sejak dpt bantuan brim dari zaman najib buat tambah modal tuk niaga buger je masih niaga,sesuai sangat la tuk yang bujang niaga makanan ne...tapi kerajaan sekarang ne mcm tak nampak keperluan rakyat kebanyakkan yang sebenarnya...nampak gayanya kena sambut la warga bujang tuk makan tido je seperti masej yang kerajaan sampaikan tu😂😂😂...maaf la kalo tersilap ye...bagi yang tak setuju tu uba komen sikit kat bawah😂😂😂",0f8faa394fe1965c9ff9,2025-11-23T23:49:00Z,2025-11-23T23:49:00Z,0,0,True,True,none,,2026-06-17T15:11:41.175915+00:00,raw,,"Laa bantuan ne nak bantu semua rakyat bujang makan je ke dah la bayaran rm50 sebulan😂😂😂kalo dulu ringan sikit boleh kumpul bantuan cash tu buat modal berkebun kecil2an, beli tool tuk buat keja penghasilan, dan mcm2 lagi la tuk dijadikan modalnya,ada juga member sampai sekarang ne sejak dpt bantuan brim dari zaman najib buat tambah modal tuk niaga buger je masih niaga,sesuai sangat la tuk yang bujang niaga makanan ne..tapi kerajaan sekarang ne mcm tak nampak keperluan rakyat kebanyakkan yang sebenarnya..nampak gayanya kena sambut la warga bujang tuk makan tido je seperti masej yang kerajaan sampaikan tu😂😂😂..maaf la kalo tersilap ye..bagi yang tak setuju tu uba komen sikit kat bawah😂😂😂",laa bantuan ne nak bantu semua rakyat bujang makan je ke dah la bayaran rm50 sebulan kalo dulu ringan sikit boleh kumpul bantuan cash tu buat modal berkebun kecil2an beli tool tuk buat keja penghasilan dan mcm2 lagi la tuk dijadikan modalnya ada juga member sampai sekarang ne sejak dpt bantuan brim dari zaman najib buat tambah modal tuk niaga buger je masih niaga sesuai sangat la tuk yang bujang niaga makanan ne tapi kerajaan sekarang ne mcm tak nampak keperluan rakyat kebanyakkan yang sebenarnya nampak gayanya kena sambut la warga bujang tuk makan tido je seperti masej yang kerajaan sampaikan tu maaf la kalo tersilap ye bagi yang tak setuju tu uba komen sikit kat bawah,117,692,9,False,True,0,0,0,BM,id,14,0,,False,False,accepted,negative,0.7859432697296143,0.1109842807054519,0.1030725762248039,0.7859432697296143,0.6749589890241623,medium,medium,medium_confidence,negative,reviewed,,negative,cardiffnlp/twitter-xlm-roberta-base-sentiment-multilingual,automatic_prelabel,positive | neutral | negative | uncertain,True,511,2026-06-18 18:53:50,human_manual_review,,,,
YT_UgzUdn-QpknQMXZjMFV4AaABAg,YouTube,top_level_comment,UgzUdn-QpknQMXZjMFV4AaABAg,UgzUdn-QpknQMXZjMFV4AaABAg,dDRZ6AZbcfw,Malaysian Hawker Fights To Keep His Noodles Affordable As Food Prices Rise | Money Mind | Inflation,CNA Insider,https://www.youtube.com/watch?v=dDRZ6AZbcfw,2025-11-25T14:01:10Z,cost_of_living_public_policy,it's extremely weird that it took CNA to point out and report problems that malaysia faced but our very own local media refused to do it and our politicians refused to talk about it,ce9e285d31f048b6eb5e,2025-11-27T04:54:54Z,2025-11-27T04:54:54Z,108,4,True,True,none,,2026-06-17T15:11:42.418429+00:00,raw,,it's extremely weird that it took CNA to point out and report problems that malaysia faced but our very own local media refused to do it and our politicians refused to talk about it,it s extremely weird that it took cna to point out and report problems that malaysia faced but our very own local media refused to do it and our politicians refused to talk about it,34,181,0,False,True,0,0,0,MIXED,en,1,3,,False,False,accepted,negative,0.9626620411872864,0.020555093884468,0.0167828947305679,0.9626620411872864,0.9421069473028184,high,medium,mixed_language,negative,reviewed,,negative,cardiffnlp/twitter-xlm-roberta-base-sentiment-multilingual,automatic_prelabel,positive | neutral | negative | uncertain,True,591,2026-06-18 19:05:47,human_manual_review,,,,
YT_UgzuxeIWA5piEBjIK4x4AaABAg,YouTube,top_level_comment,UgzuxeIWA5piEBjIK4x4AaABAg,UgzuxeIWA5piEBjIK4x4AaABAg,zCSY4bGWUXc,"Suara Rakyat: Nilai semula subsidi petrol golongan kaya, apa kata orang miskin?",Astro AWANI,https://www.youtube.com/watch?v=zCSY4bGWUXc,2026-05-11T12:14:22Z,cost_of_living_public_policy,Lucu juga kalau petrol untuk Mercedez Benz atau BMW dikasih discount. Mampu beli merek mahal tapi petrol mau yang murah...🤣🤣🤣,d0441002c4fd123cd5f2,2026-05-13T09:34:02Z,2026-05-13T09:34:02Z,2,1,True,True,none,,2026-06-17T15:11:37.970269+00:00,raw,,Lucu juga kalau petrol untuk Mercedez Benz atau BMW dikasih discount. Mampu beli merek mahal tapi petrol mau yang murah..🤣🤣🤣,lucu juga kalau petrol untuk mercedez benz atau bmw dikasih discount mampu beli merek mahal tapi petrol mau yang murah,20,124,3,False,True,0,0,0,BM,id,6,0,,False,False,accepted,positive,0.0502592884004116,0.0536570362746715,0.896083652973175,0.896083652973175,0.8424266166985035,high,low,,negative,reviewed,,negative,cardiffnlp/twitter-xlm-roberta-base-sentiment-multilingual,automatic_prelabel,positive | neutral | negative | uncertain,True,621,2026-06-18 19:10:21,human_manual_review,,,,
YT_UgxtLbDnPolGQkPzy7t4AaABAg,YouTube,top_level_comment,UgxtLbDnPolGQkPzy7t4AaABAg,UgxtLbDnPolGQkPzy7t4AaABAg,0zi0v_kJ7BE,"Belanjawan 2026: Bantuan tunai STR dikurang RM300, Sara naik",KiniTV,https://www.youtube.com/watch?v=0zi0v_kJ7BE,2025-10-13T05:24:51Z,cost_of_living_public_policy,ni pmx putar belit punya...bukan meringankan rakyat tapi sebaliknya...dia ingat rakyat ni boleh digula2kan.,47c9339a8b007db55a84,2025-10-19T16:24:03Z,2025-10-19T16:24:03Z,0,0,True,True,none,,2026-06-17T15:11:41.176219+00:00,raw,,ni pmx putar belit punya..bukan meringankan rakyat tapi sebaliknya..dia ingat rakyat ni boleh digula2kan.,ni pmx putar belit punya bukan meringankan rakyat tapi sebaliknya dia ingat rakyat ni boleh digula2kan,16,105,0,False,True,0,0,0,BM,id,3,0,,False,False,accepted,negative,0.9405956268310548,0.0276993978768587,0.0317049846053123,0.9405956268310548,0.9088906422257425,high,low,,negative,reviewed,,negative,cardiffnlp/twitter-xlm-roberta-base-sentiment-multilingual,automatic_prelabel,positive | neutral | negative | uncertain,True,653,2026-06-18 19:16:00,human_manual_review,,,,
YT_Ugw76ybebP1tdlq1mTJ4AaABAg,YouTube,top_level_comment,Ugw76ybebP1tdlq1mTJ4AaABAg,Ugw76ybebP1tdlq1mTJ4AaABAg,Yu37CmWLvK0,SATU MALAYSIA KENA SCAM MAKANAN DI BAZAR RAMADAN‼️ LELAKI SOUND PENIAGA BAZAAR,NuR MuHD,https://www.youtube.com/watch?v=Yu37CmWLvK0,2026-02-22T17:36:49Z,festivals_national_events,Buang masa je beli makanan kat baazar. Kualiti sampah,22be126494652318ce87,2026-03-05T08:45:06Z,2026-03-05T08:45:06Z,0,0,True,True,none,,2026-06-17T15:11:44.742605+00:00,raw,,Buang masa je beli makanan kat baazar. Kualiti sampah,buang masa je beli makanan kat baazar kualiti sampah,9,53,0,False,True,0,0,0,BM,id,2,0,,False,False,accepted,negative,0.943314254283905,0.0283326208591461,0.0283532049506902,0.943314254283905,0.9149610493332148,high,low,,negative,reviewed,,negative,cardiffnlp/twitter-xlm-roberta-base-sentiment-multilingual,automatic_prelabel,positive | neutral | negative | uncertain,True,664,2026-06-18 19:17:57,human_manual_review,,,,
YT_UgxYorzv83KZQJuyUzp4AaABAg,YouTube,top_level_comment,UgxYorzv83KZQJuyUzp4AaABAg,UgxYorzv83KZQJuyUzp4AaABAg,oULUeT07fa0,JPJ MALAYSIA? ADA APA APA JAWAPAN KE? SITA KENDERAAN ORANG SAMPAI BERBULAN BULAN? TERIMA KASIH SINGH,Bossrul Channel,https://www.youtube.com/watch?v=oULUeT07fa0,2025-07-01T02:14:17Z,transport_public_services,"Betul betul JPJ memang tidak pakai 4:15 laws di Malaysia. Orang2 membeli kenderaan pakai duit mahal2 orang beli. Kenapa di simpan lama2 di JPJ sungguh2 memalukan, kadang2 si milik setekat mampu membeli kenderaan, apa pakai turun kerja ataupun pakai cari rezeki duit untuk belanja",1938d75bf86964ffc409,2025-07-10T02:41:05Z,2025-07-10T02:42:31Z,0,0,True,True,none,,2026-06-17T15:11:48.876967+00:00,raw,,"Betul betul JPJ memang tidak pakai 4:15 laws di Malaysia. Orang2 membeli kenderaan pakai duit mahal2 orang beli. Kenapa di simpan lama2 di JPJ sungguh2 memalukan, kadang2 si milik setekat mampu membeli kenderaan, apa pakai turun kerja ataupun pakai cari rezeki duit untuk belanja",betul betul jpj memang tidak pakai 4 15 laws di malaysia orang2 membeli kenderaan pakai duit mahal2 orang beli kenapa di simpan lama2 di jpj sungguh2 memalukan kadang2 si milik setekat mampu membeli kenderaan apa pakai turun kerja ataupun pakai cari rezeki duit untuk belanja,45,279,0,False,True,0,0,0,BM,id,6,0,,False,False,accepted,negative,0.9464913606643676,0.0260146912187337,0.0274939946830272,0.9464913606643676,0.9189973659813404,high,low,,negative,reviewed,,negative,cardiffnlp/twitter-xlm-roberta-base-sentiment-multilingual,automatic_prelabel,positive | neutral | negative | uncertain,True,679,2026-06-18 19:20:10,human_manual_review,,,,
YT_UgzJWo4bbEOXxgzIW154AaABAg,YouTube,top_level_comment,UgzJWo4bbEOXxgzIW154AaABAg,UgzJWo4bbEOXxgzIW154AaABAg,pByBSEMjiyo,MENJELANG AIDILFITRI | PM Umum Cuti Tambahan Sehari Sambut Hari Raya Aidilfitri,Buletin TV3,https://www.youtube.com/watch?v=pByBSEMjiyo,2026-03-15T05:40:33Z,festivals_national_events,Rkyt sbh dan SRWK dh bosan lh dengan PM skg ni. Dh bosn dh.dh mcm keadaan terpaksa dh nk terima.,57ecb1f1150364e6ffbe,2026-03-15T12:06:12Z,2026-03-15T12:06:12Z,0,0,True,True,none,,2026-06-17T15:11:43.138488+00:00,raw,,Rkyt sbh dan SRWK dh bosan lh dengan PM skg ni. Dh bosn dh.dh mcm keadaan terpaksa dh nk terima.,rkyt sbh dan srwk dh bosan lh dengan pm skg ni dh bosn dh dh mcm keadaan terpaksa dh nk terima,21,96,0,False,True,0,0,0,BM,id,2,0,,False,False,accepted,negative,0.9507894515991212,0.0241871494799852,0.0250233896076679,0.9507894515991212,0.9257660619914532,high,low,,negative,reviewed,,negative,cardiffnlp/twitter-xlm-roberta-base-sentiment-multilingual,automatic_prelabel,positive | neutral | negative | uncertain,True,687,2026-06-18 19:21:29,human_manual_review,,,,
YT_UgwujRcmT7CJssh96JB4AaABAg,YouTube,top_level_comment,UgwujRcmT7CJssh96JB4AaABAg,UgwujRcmT7CJssh96JB4AaABAg,Yu37CmWLvK0,SATU MALAYSIA KENA SCAM MAKANAN DI BAZAR RAMADAN‼️ LELAKI SOUND PENIAGA BAZAAR,NuR MuHD,https://www.youtube.com/watch?v=Yu37CmWLvK0,2026-02-22T17:36:49Z,festivals_national_events,"Haaa...para pniaga...msuk la Komen,bg la spatah 2 kata...takut kee...",43f73b03902f9f7c5e64,2026-02-23T02:16:56Z,2026-02-23T02:16:56Z,107,44,True,True,none,,2026-06-17T15:11:44.741666+00:00,raw,,"Haaa..para pniaga..msuk la Komen,bg la spatah 2 kata..takut kee..",haaa para pniaga msuk la komen bg la spatah 2 kata takut kee,13,65,0,False,True,0,0,0,BM,id,0,0,,False,False,accepted,negative,0.9567381143569946,0.0237972717732191,0.0194645710289478,0.9567381143569946,0.9329408425837756,high,low,,negative,reviewed,,negative,cardiffnlp/twitter-xlm-roberta-base-sentiment-multilingual,automatic_prelabel,positive | neutral | negative | uncertain,True,710,2026-06-18 19:25:19,human_manual_review,,,,
YT_UgyJammsqjhOiaOpPzt4AaABAg,YouTube,top_level_comment,UgyJammsqjhOiaOpPzt4AaABAg,UgyJammsqjhOiaOpPzt4AaABAg,FgMUKH-xEec,"Kerajaan setuju semakan tarik subsidi minyak golongan berpendapatan tinggi, kata PM",Free Malaysia Today,https://www.youtube.com/watch?v=FgMUKH-xEec,2026-05-10T09:06:58Z,cost_of_living_public_policy,UMNO parti yang korup sekarang nak bercakap mengenai kewangan negara.,3098211113a82e15b760,2026-05-10T10:34:53Z,2026-05-10T10:34:53Z,9,0,True,True,none,,2026-06-17T15:11:41.872435+00:00,raw,,UMNO parti yang korup sekarang nak bercakap mengenai kewangan negara.,umno parti yang korup sekarang nak bercakap mengenai kewangan negara,10,69,0,False,True,0,0,0,BM,id,2,0,,False,False,accepted,negative,0.9578068256378174,0.0237285066395998,0.0184646863490343,0.9578068256378174,0.9340783189982176,high,low,,negative,reviewed,,negative,cardiffnlp/twitter-xlm-roberta-base-sentiment-multilingual,automatic_prelabel,positive | neutral | negative | uncertain,True,715,2026-06-18 20:01:30,human_manual_review,,,,
YT_UgwBg1vYprST55rNrTd4AaABAg,YouTube,top_level_comment,UgwBg1vYprST55rNrTd4AaABAg,UgwBg1vYprST55rNrTd4AaABAg,oULUeT07fa0,JPJ MALAYSIA? ADA APA APA JAWAPAN KE? SITA KENDERAAN ORANG SAMPAI BERBULAN BULAN? TERIMA KASIH SINGH,Bossrul Channel,https://www.youtube.com/watch?v=oULUeT07fa0,2025-07-01T02:14:17Z,transport_public_services,Yerlah tu tiba2 nk jd hero 😂👎👎👎,eee29e003f3d93e89525,2025-07-10T02:34:50Z,2025-07-10T02:34:50Z,0,0,True,True,none,,2026-06-17T15:11:48.877008+00:00,raw,,Yerlah tu tiba2 nk jd hero 😂👎👎👎,yerlah tu tiba2 nk jd hero,6,31,4,False,True,0,0,0,BM,id,0,0,,False,False,accepted,negative,0.9767465591430664,0.0113074006512761,0.011945990845561,0.9767465591430664,0.9648005682975054,high,low,,negative,reviewed,,negative,cardiffnlp/twitter-xlm-roberta-base-sentiment-multilingual,automatic_prelabel,positive | neutral | negative | uncertain,True,791,2026-06-18 19:58:54,human_manual_review,,,,
YT_UgwyB7gLbCUNa7padNJ4AaABAg,YouTube,top_level_comment,UgwyB7gLbCUNa7padNJ4AaABAg,UgwyB7gLbCUNa7padNJ4AaABAg,MpBToZaCuWE,LRT derailment: Commuters want track and train maintenance to be enhanced,The Star,https://www.youtube.com/watch?v=MpBToZaCuWE,2026-05-28T08:54:43Z,transport_public_services,This is exactly the reason why I stopped taking LRT to anywhere! Please fix it already my god,847782b9ffa1a3b2c20f,2026-05-28T09:29:53Z,2026-05-28T09:29:53Z,22,8,True,True,none,,2026-06-17T15:11:46.539352+00:00,raw,,This is exactly the reason why I stopped taking LRT to anywhere! Please fix it already my god,this is exactly the reason why i stopped taking lrt to anywhere please fix it already my god,18,93,0,False,True,0,0,0,EN,en,0,6,,False,False,accepted,negative,0.978968620300293,0.0123923225328326,0.0086389714851975,0.978968620300293,0.9665762977674603,high,low,,negative,reviewed,,negative,cardiffnlp/twitter-xlm-roberta-base-sentiment-multilingual,automatic_prelabel,positive | neutral | negative | uncertain,True,802,2026-06-18 19:51:47,human_manual_review,,,,
YT_Ugzaj0Wk4zYV1nv9bMx4AaABAg,YouTube,top_level_comment,Ugzaj0Wk4zYV1nv9bMx4AaABAg,Ugzaj0Wk4zYV1nv9bMx4AaABAg,J5SEcQAe1AM,Why Malaysia Forces You to Own a Car,UrbanShiftMY,https://www.youtube.com/watch?v=J5SEcQAe1AM,2026-05-11T05:16:17Z,transport_public_services,"When you need to drive a car just to get to train station because of the fucked up bus system, this country is fucked",4e6cc91682cd25cdad2c,2026-05-16T08:17:02Z,2026-05-16T08:17:02Z,0,0,True,True,none,,2026-06-17T15:11:48.079457+00:00,raw,,"When you need to drive a car just to get to train station because of the fucked up bus system, this country is fucked",when you need to drive a car just to get to train station because of the fucked up bus system this country is fucked,24,117,0,False,True,0,0,0,EN,en,0,7,,False,False,accepted,negative,0.9801056981086732,0.0129081374034285,0.0069861900992691,0.9801056981086732,0.9671975607052444,high,low,,negative,reviewed,,negative,cardiffnlp/twitter-xlm-roberta-base-sentiment-multilingual,automatic_prelabel,positive | neutral | negative | uncertain,True,807,2026-06-18 19:59:38,human_manual_review,,,,
YT_UgxmJudDUb9lIPIRSa94AaABAg,YouTube,top_level_comment,UgxmJudDUb9lIPIRSa94AaABAg,UgxmJudDUb9lIPIRSa94AaABAg,oULUeT07fa0,JPJ MALAYSIA? ADA APA APA JAWAPAN KE? SITA KENDERAAN ORANG SAMPAI BERBULAN BULAN? TERIMA KASIH SINGH,Bossrul Channel,https://www.youtube.com/watch?v=oULUeT07fa0,2025-07-01T02:14:17Z,transport_public_services,terbaik boss info...kasi kupas isu...tentang JPJ...,3593635e1488491cfcbc,2025-07-12T08:04:11Z,2025-07-12T08:04:11Z,0,0,True,True,none,,2026-06-17T15:11:48.876410+00:00,raw,,terbaik boss info..kasi kupas isu..tentang JPJ..,terbaik boss info kasi kupas isu tentang jpj,8,48,0,False,True,0,0,0,BM,id,0,0,,False,False,accepted,positive,0.184442713856697,0.3292080760002136,0.4863492250442505,0.4863492250442505,0.1571411490440368,low,high,low_confidence,positive,reviewed,,positive,cardiffnlp/twitter-xlm-roberta-base-sentiment-multilingual,automatic_prelabel,positive | neutral | negative | uncertain,True,125,2026-06-18 15:49:04,human_manual_review,,,,
YT_Ugw9MDam0Ei1AvT-grp4AaABAg,YouTube,top_level_comment,Ugw9MDam0Ei1AvT-grp4AaABAg,Ugw9MDam0Ei1AvT-grp4AaABAg,pByBSEMjiyo,MENJELANG AIDILFITRI | PM Umum Cuti Tambahan Sehari Sambut Hari Raya Aidilfitri,Buletin TV3,https://www.youtube.com/watch?v=pByBSEMjiyo,2026-03-15T05:40:33Z,festivals_national_events,Tambah cuti n xtra money,9a741fb40e361a836de0,2026-03-15T06:30:26Z,2026-03-15T06:30:26Z,1,0,True,True,none,,2026-06-17T15:11:43.139090+00:00,raw,,Tambah cuti n xtra money,tambah cuti n xtra money,5,24,0,False,True,0,0,0,BM,id,0,0,,False,False,accepted,neutral,0.2641239762306213,0.4906415939331054,0.2452344745397567,0.4906415939331054,0.2265176177024841,low,high,low_confidence | neutral_prediction,positive,reviewed,,positive,cardiffnlp/twitter-xlm-roberta-base-sentiment-multilingual,automatic_prelabel,positive | neutral | negative | uncertain,True,136,2026-06-18 15:51:34,human_manual_review,,,,
YT_Ugz6mjaA2P6uB1-yLNR4AaABAg,YouTube,top_level_comment,Ugz6mjaA2P6uB1-yLNR4AaABAg,Ugz6mjaA2P6uB1-yLNR4AaABAg,ze_IuVwkuFc,KTMB's 'ghost train' transforms commute for students from the interior,The Star,https://www.youtube.com/watch?v=ze_IuVwkuFc,2026-01-11T13:05:33Z,transport_public_services,We need more train infrastructure to reach more part of the rural area. We're grtting closer to Japan,e898dcd2be0a3f24ee9b,2026-01-13T23:17:44Z,2026-01-13T23:17:44Z,9,0,True,True,none,,2026-06-17T15:11:47.668218+00:00,raw,,We need more train infrastructure to reach more part of the rural area. We're grtting closer to Japan,we need more train infrastructure to reach more part of the rural area we re grtting closer to japan,18,101,0,False,True,0,0,0,EN,en,0,3,,False,False,accepted,positive,0.0425738170742988,0.4018000364303589,0.5556261539459229,0.5556261539459229,0.1538261175155639,low,high,low_confidence,positive,reviewed,,positive,cardiffnlp/twitter-xlm-roberta-base-sentiment-multilingual,automatic_prelabel,positive | neutral | negative | uncertain,True,267,2026-06-18 17:05:31,human_manual_review,,,,
YT_UgzcjpOCtdi6mmafgh54AaABAg,YouTube,top_level_comment,UgzcjpOCtdi6mmafgh54AaABAg,UgzcjpOCtdi6mmafgh54AaABAg,Yu37CmWLvK0,SATU MALAYSIA KENA SCAM MAKANAN DI BAZAR RAMADAN‼️ LELAKI SOUND PENIAGA BAZAAR,NuR MuHD,https://www.youtube.com/watch?v=Yu37CmWLvK0,2026-02-22T17:36:49Z,festivals_national_events,Assalamualaikum kak ABG semua nk beli kuih SDP kuih kg meh lah singgah dikg lebu Bentong Pahang cari kedai mak zarah confirm korg DTG lagi.,9b6a9f40b2d39e3d814e,2026-02-27T06:53:59Z,2026-02-27T06:53:59Z,0,0,True,True,none,,2026-06-17T15:11:45.124131+00:00,raw,,Assalamualaikum kak ABG semua nk beli kuih SDP kuih kg meh lah singgah dikg lebu Bentong Pahang cari kedai mak zarah confirm korg DTG lagi.,assalamualaikum kak abg semua nk beli kuih sdp kuih kg meh lah singgah dikg lebu bentong pahang cari kedai mak zarah confirm korg dtg lagi,25,139,0,False,True,0,0,0,BM,id,2,0,,False,False,accepted,positive,0.1134246736764907,0.3114119470119476,0.5751633644104004,0.5751633644104004,0.2637514173984527,low,high,low_confidence,positive,reviewed,,positive,cardiffnlp/twitter-xlm-roberta-base-sentiment-multilingual,automatic_prelabel,positive | neutral | negative | uncertain,True,296,2026-06-18 17:10:43,human_manual_review,,,,
YT_UgyGn5ehySTZXwdcuiV4AaABAg,YouTube,top_level_comment,UgyGn5ehySTZXwdcuiV4AaABAg,UgyGn5ehySTZXwdcuiV4AaABAg,Wk-HcKtIaGY,Are We About to See a Chinese Tourist Boom in Malaysia?,Ziet Invests,https://www.youtube.com/watch?v=Wk-HcKtIaGY,2026-02-12T11:00:42Z,tourism_lifestyle_events,"we indonesian love to travel to malaysia. really2 good handle by your goverment. even the ticket so cheap travel to malaysia rather than to flight domestic in indonesia. no logic. but really great go to malaysia. we will comeback often to travel, rather than we flight to our domestic with expensive ticket flight. well done malaysia.",c183418988664d1a32d0,2026-02-13T03:07:27Z,2026-02-13T03:07:27Z,67,2,True,True,none,,2026-06-17T15:11:46.188068+00:00,raw,,"we indonesian love to travel to malaysia. really2 good handle by your goverment. even the ticket so cheap travel to malaysia rather than to flight domestic in indonesia. no logic. but really great go to malaysia. we will comeback often to travel, rather than we flight to our domestic with expensive ticket flight. well done malaysia.",we indonesian love to travel to malaysia really2 good handle by your goverment even the ticket so cheap travel to malaysia rather than to flight domestic in indonesia no logic but really great go to malaysia we will comeback often to travel rather than we flight to our domestic with expensive ticket flight well done malaysia,56,334,0,False,True,0,0,0,MIXED,en,1,7,,False,False,accepted,positive,0.2047227919101715,0.2044884711503982,0.590788722038269,0.590788722038269,0.3860659301280975,low,high,low_confidence | mixed_language,positive,reviewed,,positive,cardiffnlp/twitter-xlm-roberta-base-sentiment-multilingual,automatic_prelabel,positive | neutral | negative | uncertain,True,328,2026-06-18 17:18:36,human_manual_review,,,,
YT_UgwlAeEltFLKErJ_6jx4AaABAg,YouTube,top_level_comment,UgwlAeEltFLKErJ_6jx4AaABAg,UgwlAeEltFLKErJ_6jx4AaABAg,J5SEcQAe1AM,Why Malaysia Forces You to Own a Car,UrbanShiftMY,https://www.youtube.com/watch?v=J5SEcQAe1AM,2026-05-11T05:16:17Z,transport_public_services,"At the end of the day, cars are still relevant for long distance driving. Don't expect everyone to share a public transport when different people have different destinations. Having said that, I can understand the need to reduce congestion on urban areas.",e84d6773c296f2f896b5,2026-05-16T08:19:01Z,2026-05-16T08:19:01Z,0,0,True,True,none,,2026-06-17T15:11:48.079422+00:00,raw,,"At the end of the day, cars are still relevant for long distance driving. Don't expect everyone to share a public transport when different people have different destinations. Having said that, I can understand the need to reduce congestion on urban areas.",at the end of the day cars are still relevant for long distance driving don t expect everyone to share a public transport when different people have different destinations having said that i can understand the need to reduce congestion on urban areas,42,255,0,False,True,0,0,0,EN,en,0,5,,False,False,accepted,neutral,0.1899650394916534,0.6579080820083618,0.1521268784999847,0.6579080820083618,0.4679430425167084,medium,medium,medium_confidence | neutral_prediction,positive,reviewed,,positive,cardiffnlp/twitter-xlm-roberta-base-sentiment-multilingual,automatic_prelabel,positive | neutral | negative | uncertain,True,364,2026-06-18 18:27:16,human_manual_review,,,,
YT_UgxOYBrQa_UdZpYWpaF4AaABAg,YouTube,top_level_comment,UgxOYBrQa_UdZpYWpaF4AaABAg,UgxOYBrQa_UdZpYWpaF4AaABAg,hc8RMN2hnnQ,[LANGSUNG] Pengumuman Hari Raya Aidilfitri 2026/1447H  | 19 Mac 2026,Astro AWANI,https://www.youtube.com/watch?v=hc8RMN2hnnQ,2026-03-19T12:16:11Z,festivals_national_events,Izinkan saya ss dan share terima kasih,f4856ccffe6d6b4f221f,2026-03-19T12:21:16Z,2026-03-19T12:21:16Z,0,0,True,True,none,,2026-06-17T15:11:42.763872+00:00,raw,,Izinkan saya ss dan share terima kasih,izinkan saya ss dan share terima kasih,7,38,0,False,True,0,0,0,BM,id,2,0,,False,False,accepted,positive,0.065732717514038,0.2365044504404068,0.6977628469467163,0.6977628469467163,0.4612583965063095,medium,medium,medium_confidence,positive,reviewed,,positive,cardiffnlp/twitter-xlm-roberta-base-sentiment-multilingual,automatic_prelabel,positive | neutral | negative | uncertain,True,391,2026-06-18 18:32:22,human_manual_review,,,,
YT_UgzkdNp2901s1LhwS8Z4AaABAg,YouTube,top_level_comment,UgzkdNp2901s1LhwS8Z4AaABAg,UgzkdNp2901s1LhwS8Z4AaABAg,3Pk956RGn7o,10 MENU SCAM PALING PELIK DI BAZAR RAMADAN,Faktaw Channel,https://www.youtube.com/watch?v=3Pk956RGn7o,2025-03-22T08:00:02Z,festivals_national_events,7:04 99 juta lemon views 😂,9e019c140e7aa697e18d,2025-12-03T12:06:05Z,2025-12-03T12:06:05Z,0,0,True,True,none,,2026-06-17T15:11:43.541587+00:00,raw,,7:04 99 juta lemon views 😂,7 04 99 juta lemon views,6,26,1,False,True,0,0,0,UNKNOWN,fi,0,0,,False,False,accepted,neutral,0.0466650612652301,0.7002707719802856,0.253064215183258,0.7002707719802856,0.4472065567970276,medium,medium,medium_confidence | neutral_prediction | unknown_language,positive,reviewed,,positive,cardiffnlp/twitter-xlm-roberta-base-sentiment-multilingual,automatic_prelabel,positive | neutral | negative | uncertain,True,395,2026-06-18 18:32:58,human_manual_review,,,,
YT_Ugx0vy3FLsDYQxHj7tF4AaABAg,YouTube,top_level_comment,Ugx0vy3FLsDYQxHj7tF4AaABAg,Ugx0vy3FLsDYQxHj7tF4AaABAg,UGAL8690ngc,"Bantuan Asas Rahmah diteruskan: RM100 untuk  dewasa, RM500 untuk penerima miskin tegar - Anwar",KiniTV,https://www.youtube.com/watch?v=UGAL8690ngc,2026-01-05T06:06:45Z,cost_of_living_public_policy,"Setuju, kalau boleh SARA janganlah memilih barang utk dibeli,terima kasih ❤❤❤",65a1f3f259388e6882e0,2026-01-06T22:11:59Z,2026-01-06T22:11:59Z,2,0,True,True,none,,2026-06-17T15:11:40.406012+00:00,raw,,"Setuju, kalau boleh SARA janganlah memilih barang utk dibeli,terima kasih ❤❤❤",setuju kalau boleh sara janganlah memilih barang utk dibeli terima kasih,11,77,3,False,True,0,0,0,BM,id,3,0,,False,False,accepted,positive,0.1233536377549171,0.1624011248350143,0.7142452597618103,0.7142452597618103,0.551844134926796,medium,medium,medium_confidence,positive,reviewed,,positive,cardiffnlp/twitter-xlm-roberta-base-sentiment-multilingual,automatic_prelabel,positive | neutral | negative | uncertain,True,405,2026-06-18 18:34:22,human_manual_review,,,,
YT_UgwFhzxqPpLnSDLKc7p4AaABAg,YouTube,top_level_comment,UgwFhzxqPpLnSDLKc7p4AaABAg,UgwFhzxqPpLnSDLKc7p4AaABAg,bjYbNs8TvLc,[PENUH] Perkembangan Terkini Proses Cerapan Anak Bulan Syawal | 19 Mac 2026,Buletin TV3,https://www.youtube.com/watch?v=bjYbNs8TvLc,2026-03-19T10:26:41Z,festivals_national_events,cuaca elok Sabah.. maybe boleh nampak sebelah Sabah,f53e7d3fd28ca168d449,2026-03-19T11:22:53Z,2026-03-19T11:22:53Z,5,1,True,True,none,,2026-06-17T15:11:44.348296+00:00,raw,,cuaca elok Sabah.. maybe boleh nampak sebelah Sabah,cuaca elok sabah maybe boleh nampak sebelah sabah,8,51,0,False,True,0,0,0,BM,id,1,0,,False,False,accepted,positive,0.1007551178336143,0.1266335994005203,0.7726113200187683,0.7726113200187683,0.645977720618248,medium,medium,medium_confidence,positive,reviewed,,positive,cardiffnlp/twitter-xlm-roberta-base-sentiment-multilingual,automatic_prelabel,positive | neutral | negative | uncertain,True,484,2026-06-18 18:49:39,human_manual_review,,,,
YT_Ugyuo7HFLQN4cLm3Z554AaABAg,YouTube,top_level_comment,Ugyuo7HFLQN4cLm3Z554AaABAg,Ugyuo7HFLQN4cLm3Z554AaABAg,hc8RMN2hnnQ,[LANGSUNG] Pengumuman Hari Raya Aidilfitri 2026/1447H  | 19 Mac 2026,Astro AWANI,https://www.youtube.com/watch?v=hc8RMN2hnnQ,2026-03-19T12:16:11Z,festivals_national_events,yayy sabtuu sempat la kurus ehek,35e49768e5eeef4d1322,2026-03-19T12:15:00Z,2026-03-19T12:15:00Z,29,6,True,True,none,,2026-06-17T15:11:42.764173+00:00,raw,,yayy sabtuu sempat la kurus ehek,yayy sabtuu sempat la kurus ehek,6,32,0,False,True,0,0,0,BM,id,0,0,,False,False,accepted,positive,0.0820578187704086,0.1223030611872673,0.795639157295227,0.795639157295227,0.6733360961079597,medium,medium,medium_confidence,positive,reviewed,,positive,cardiffnlp/twitter-xlm-roberta-base-sentiment-multilingual,automatic_prelabel,positive | neutral | negative | uncertain,True,532,2026-06-18 18:57:48,human_manual_review,,,,
YT_Ugxxd53epLqBR-RRObt4AaABAg,YouTube,top_level_comment,Ugxxd53epLqBR-RRObt4AaABAg,Ugxxd53epLqBR-RRObt4AaABAg,Wk-HcKtIaGY,Are We About to See a Chinese Tourist Boom in Malaysia?,Ziet Invests,https://www.youtube.com/watch?v=Wk-HcKtIaGY,2026-02-12T11:00:42Z,tourism_lifestyle_events,Absolutely loved Malaysia (mainly visited KL) when I visited there last March along with Singapore. Definitely want to stay longer next time I travel there. Maybe not this year but hopefully in 2027!!,83c030e50e97e328259b,2026-02-16T05:01:19Z,2026-02-16T05:01:19Z,3,1,True,True,none,,2026-06-17T15:11:46.187672+00:00,raw,,Absolutely loved Malaysia (mainly visited KL) when I visited there last March along with Singapore. Definitely want to stay longer next time I travel there. Maybe not this year but hopefully in 2027!!,absolutely loved malaysia mainly visited kl when i visited there last march along with singapore definitely want to stay longer next time i travel there maybe not this year but hopefully in 2027,33,200,0,False,True,0,0,0,MIXED,en,1,3,,False,False,accepted,positive,0.0129865305498242,0.0149115398526191,0.9721019268035888,0.9721019268035888,0.9571903869509696,high,medium,mixed_language,positive,reviewed,,positive,cardiffnlp/twitter-xlm-roberta-base-sentiment-multilingual,automatic_prelabel,positive | neutral | negative | uncertain,True,603,2026-06-18 19:06:54,human_manual_review,,,,
YT_Ugws7AVRQwSECLyvht14AaABAg,YouTube,top_level_comment,Ugws7AVRQwSECLyvht14AaABAg,Ugws7AVRQwSECLyvht14AaABAg,Wk-HcKtIaGY,Are We About to See a Chinese Tourist Boom in Malaysia?,Ziet Invests,https://www.youtube.com/watch?v=Wk-HcKtIaGY,2026-02-12T11:00:42Z,tourism_lifestyle_events,Recently completed my 50th Trip to Malaysia. Still wanna go back to Malaysia later on. YOU GUYS ARE AMAZINGGG. LOVE FROM USA 🇺🇲❤️,7dd589bb908972dddba3,2026-02-12T17:21:07Z,2026-02-12T17:21:07Z,127,8,True,True,none,,2026-06-17T15:11:46.188243+00:00,raw,,Recently completed my 50th Trip to Malaysia. Still wanna go back to Malaysia later on. YOU GUYS ARE AMAZINGGG. LOVE FROM USA 🇺🇲❤️,recently completed my 50th trip to malaysia still wanna go back to malaysia later on you guys are amazinggg love from usa,22,129,2,False,True,0,0,0,MIXED,en,1,2,,False,False,accepted,positive,0.0114509705454111,0.0130387200042605,0.97551029920578,0.97551029920578,0.9624715792015196,high,medium,mixed_language,positive,reviewed,,positive,cardiffnlp/twitter-xlm-roberta-base-sentiment-multilingual,automatic_prelabel,positive | neutral | negative | uncertain,True,605,2026-06-18 19:07:02,human_manual_review,,,,
YT_UgyPn68V9qkD3nlqz4F4AaABAg,YouTube,top_level_comment,UgyPn68V9qkD3nlqz4F4AaABAg,UgyPn68V9qkD3nlqz4F4AaABAg,UGAL8690ngc,"Bantuan Asas Rahmah diteruskan: RM100 untuk  dewasa, RM500 untuk penerima miskin tegar - Anwar",KiniTV,https://www.youtube.com/watch?v=UGAL8690ngc,2026-01-05T06:06:45Z,cost_of_living_public_policy,Tq pmx.. semoga sentiasa di lindungi Allah SWT.,3e617cf1eaa22509098c,2026-01-06T01:32:35Z,2026-01-06T01:32:35Z,6,1,True,True,none,,2026-06-17T15:11:40.406417+00:00,raw,,Tq pmx.. semoga sentiasa di lindungi Allah SWT.,tq pmx semoga sentiasa di lindungi allah swt,8,47,0,False,True,0,0,0,BM,id,0,0,,False,False,accepted,positive,0.0430469363927841,0.0636530667543411,0.8932999968528748,0.8932999968528748,0.8296469300985336,high,low,,positive,reviewed,,positive,cardiffnlp/twitter-xlm-roberta-base-sentiment-multilingual,automatic_prelabel,positive | neutral | negative | uncertain,True,618,2026-06-18 19:09:53,human_manual_review,,,,
YT_Ugy_-WQNXTpE45WZYYh4AaABAg,YouTube,top_level_comment,Ugy_-WQNXTpE45WZYYh4AaABAg,Ugy_-WQNXTpE45WZYYh4AaABAg,lWY3O9pFexo,KOS SARA HIDUP | PM Umum Butiran Penghargaan Untuk Rakyat Esok (BU),Buletin TV3,https://www.youtube.com/watch?v=lWY3O9pFexo,2025-07-22T12:11:44Z,cost_of_living_public_policy,Terima kasih kepada Perdana Menteri.,86a64e95a586a649701d,2025-07-24T09:59:07Z,2025-07-24T09:59:07Z,0,0,True,True,none,,2026-06-17T15:11:38.329834+00:00,raw,,Terima kasih kepada Perdana Menteri.,terima kasih kepada perdana menteri,5,36,0,False,True,0,0,0,BM,id,0,0,,False,False,accepted,positive,0.0338950604200363,0.0464508719742298,0.9196540713310242,0.9196540713310242,0.8732031993567944,high,low,,positive,reviewed,,positive,cardiffnlp/twitter-xlm-roberta-base-sentiment-multilingual,automatic_prelabel,positive | neutral | negative | uncertain,True,631,2026-06-18 19:12:37,human_manual_review,,,,
YT_Ugy3lRsjDOWZjxgzp2d4AaABAg,YouTube,top_level_comment,Ugy3lRsjDOWZjxgzp2d4AaABAg,Ugy3lRsjDOWZjxgzp2d4AaABAg,oULUeT07fa0,JPJ MALAYSIA? ADA APA APA JAWAPAN KE? SITA KENDERAAN ORANG SAMPAI BERBULAN BULAN? TERIMA KASIH SINGH,Bossrul Channel,https://www.youtube.com/watch?v=oULUeT07fa0,2025-07-01T02:14:17Z,transport_public_services,❤❤❤❤❤❤ itu boleh boleh buat tindakan tu,e373f12d2ad6c50a99a0,2025-07-12T05:09:46Z,2025-07-12T05:09:46Z,0,0,True,True,none,,2026-06-17T15:11:48.876454+00:00,raw,,❤❤❤❤❤❤ itu boleh boleh buat tindakan tu,itu boleh boleh buat tindakan tu,6,39,6,False,True,0,0,0,BM,id,2,0,,False,False,accepted,positive,0.0298198089003562,0.040117897093296,0.9300623536109924,0.9300623536109924,0.8899444565176964,high,low,,positive,reviewed,,positive,cardiffnlp/twitter-xlm-roberta-base-sentiment-multilingual,automatic_prelabel,positive | neutral | negative | uncertain,True,636,2026-06-18 19:13:10,human_manual_review,,,,
YT_UgyF38M4IzjEpgxmZQJ4AaABAg,YouTube,top_level_comment,UgyF38M4IzjEpgxmZQJ4AaABAg,UgyF38M4IzjEpgxmZQJ4AaABAg,9tQzzOjBIdI,KOS SARA HIDUP | Kerajaan Bakal Umum Langkah Tangani Kos Sara Hidup,Buletin TV3,https://www.youtube.com/watch?v=9tQzzOjBIdI,2025-07-19T05:38:22Z,cost_of_living_public_policy,"Kasihan PMX kerana masalah besar negara disebabkan kepimpinan dahulu dia yang tanggung semuanya ,HIDUP PMX.",1e18344b9e57acd670ed,2025-07-19T10:06:54Z,2025-07-19T10:06:54Z,2,1,True,True,none,,2026-06-17T15:11:40.015548+00:00,raw,,"Kasihan PMX kerana masalah besar negara disebabkan kepimpinan dahulu dia yang tanggung semuanya ,HIDUP PMX.",kasihan pmx kerana masalah besar negara disebabkan kepimpinan dahulu dia yang tanggung semuanya hidup pmx,15,107,0,False,True,0,0,0,BM,id,2,0,,False,False,accepted,negative,0.953784704208374,0.0220044050365686,0.0242109466344118,0.953784704208374,0.9295737575739622,high,low,,positive,reviewed,,positive,cardiffnlp/twitter-xlm-roberta-base-sentiment-multilingual,automatic_prelabel,positive | neutral | negative | uncertain,True,699,2026-06-18 19:23:38,human_manual_review,,,,
YT_UgwWq_RNz7s4xvqQSA54AaABAg,YouTube,top_level_comment,UgwWq_RNz7s4xvqQSA54AaABAg,UgwWq_RNz7s4xvqQSA54AaABAg,J5SEcQAe1AM,Why Malaysia Forces You to Own a Car,UrbanShiftMY,https://www.youtube.com/watch?v=J5SEcQAe1AM,2026-05-11T05:16:17Z,transport_public_services,"I love driving if there's no traffic jam and the petrol price is not that expensive, especially during post MCO period",14ac13b03b15f1c74ca9,2026-05-13T12:25:39Z,2026-05-13T12:25:39Z,4,3,True,True,none,,2026-06-17T15:11:48.488436+00:00,raw,,"I love driving if there's no traffic jam and the petrol price is not that expensive, especially during post MCO period",i love driving if there s no traffic jam and the petrol price is not that expensive especially during post mco period,21,118,0,False,True,0,0,0,EN,en,0,9,,False,False,accepted,positive,0.0129200322553515,0.0321865566074848,0.9548934102058412,0.9548934102058412,0.9227068535983562,high,low,,positive,reviewed,,positive,cardiffnlp/twitter-xlm-roberta-base-sentiment-multilingual,automatic_prelabel,positive | neutral | negative | uncertain,True,706,2026-06-18 19:24:56,human_manual_review,,,,
YT_Ugx-OzKOuUgSGiUz4El4AaABAg,YouTube,top_level_comment,Ugx-OzKOuUgSGiUz4El4AaABAg,Ugx-OzKOuUgSGiUz4El4AaABAg,UGAL8690ngc,"Bantuan Asas Rahmah diteruskan: RM100 untuk  dewasa, RM500 untuk penerima miskin tegar - Anwar",KiniTV,https://www.youtube.com/watch?v=UGAL8690ngc,2026-01-05T06:06:45Z,cost_of_living_public_policy,You are very generous MPS THANK YOU,0c80f428ddd52782a4e5,2026-01-19T11:12:54Z,2026-01-19T11:12:54Z,0,0,True,True,none,,2026-06-17T15:11:40.405212+00:00,raw,,You are very generous MPS THANK YOU,you are very generous mps thank you,7,35,0,False,True,0,0,0,EN,en,0,4,,False,False,accepted,positive,0.0213761385530233,0.020463241264224,0.958160638809204,0.958160638809204,0.9367845002561808,high,low,,positive,reviewed,,positive,cardiffnlp/twitter-xlm-roberta-base-sentiment-multilingual,automatic_prelabel,positive | neutral | negative | uncertain,True,716,2026-06-18 19:26:12,human_manual_review,,,,
YT_UgyY0aXSJOvW_QCVSEF4AaABAg,YouTube,top_level_comment,UgyY0aXSJOvW_QCVSEF4AaABAg,UgyY0aXSJOvW_QCVSEF4AaABAg,UGAL8690ngc,"Bantuan Asas Rahmah diteruskan: RM100 untuk  dewasa, RM500 untuk penerima miskin tegar - Anwar",KiniTV,https://www.youtube.com/watch?v=UGAL8690ngc,2026-01-05T06:06:45Z,cost_of_living_public_policy,Thanks U... BAPAK BARUA 🎉😂😂😂🎉,844c0ecb4c710ea5b9d2,2026-01-13T14:05:11Z,2026-01-13T14:05:11Z,2,0,True,True,none,,2026-06-17T15:11:40.405328+00:00,raw,,Thanks U.. BAPAK BARUA 🎉😂😂😂🎉,thanks u bapak barua,4,28,5,False,True,0,0,0,EN,en,0,1,,False,False,accepted,positive,0.0181099344044923,0.022707849740982,0.9591822624206544,0.9591822624206544,0.9364744126796722,high,low,,positive,reviewed,,positive,cardiffnlp/twitter-xlm-roberta-base-sentiment-multilingual,automatic_prelabel,positive | neutral | negative | uncertain,True,720,2026-06-18 19:26:22,human_manual_review,,,,
YT_UgzGJuplI3O2YaCdtHx4AaABAg,YouTube,top_level_comment,UgzGJuplI3O2YaCdtHx4AaABAg,UgzGJuplI3O2YaCdtHx4AaABAg,L-iPwc5b3oI,Malaysia rolls out the welcome mat for first tourists of 2026,The Star,https://www.youtube.com/watch?v=L-iPwc5b3oI,2026-01-01T05:54:35Z,tourism_lifestyle_events,Fortune blesses those who smile and are warmth and friendly to their guests. 💰 🤑🤑🤑,867d1a34d0e13db565c6,2026-01-02T14:05:16Z,2026-01-02T14:05:16Z,0,0,True,True,none,,2026-06-17T15:11:45.906312+00:00,raw,,Fortune blesses those who smile and are warmth and friendly to their guests. 💰 🤑🤑🤑,fortune blesses those who smile and are warmth and friendly to their guests,13,82,4,False,True,0,0,0,EN,en,0,2,,False,False,accepted,positive,0.0047183958813548,0.0131678516045212,0.982113778591156,0.982113778591156,0.9689459269866348,high,low,,positive,reviewed,,positive,cardiffnlp/twitter-xlm-roberta-base-sentiment-multilingual,automatic_prelabel,positive | neutral | negative | uncertain,True,820,2026-06-18 19:54:02,human_manual_review,,,,
YT_Ugz3WqVe5jQVNp0J5Rt4AaABAg,YouTube,top_level_comment,Ugz3WqVe5jQVNp0J5Rt4AaABAg,Ugz3WqVe5jQVNp0J5Rt4AaABAg,Wk-HcKtIaGY,Are We About to See a Chinese Tourist Boom in Malaysia?,Ziet Invests,https://www.youtube.com/watch?v=Wk-HcKtIaGY,2026-02-12T11:00:42Z,tourism_lifestyle_events,Congrats to our tourism minister…..biar pun dia kuat mabuk….😂😂😂,9fed95ac2f75d5ab1f82,2026-02-20T17:44:09Z,2026-02-20T17:44:09Z,0,0,True,True,none,,2026-06-17T15:11:46.187613+00:00,raw,,Congrats to our tourism minister..biar pun dia kuat mabuk..😂😂😂,congrats to our tourism minister biar pun dia kuat mabuk,10,62,3,False,True,0,0,0,MIXED,id,1,1,,False,False,accepted,positive,0.0671134293079376,0.0705548897385597,0.8623316287994385,0.8623316287994385,0.7917767390608788,high,medium,mixed_language,positive,reviewed,Added from reviewed positive supplement,positive,cardiffnlp/twitter-xlm-roberta-base-sentiment-multilingual,automatic_prelabel,,False,18,2026-06-18 20:33:38,human_manual_review_positive_supplement,available,,positive_shortage_after_manual_review,positive
YT_UgwKD5pdWWiqYXuh0XN4AaABAg,YouTube,top_level_comment,UgwKD5pdWWiqYXuh0XN4AaABAg,UgwKD5pdWWiqYXuh0XN4AaABAg,UGAL8690ngc,"Bantuan Asas Rahmah diteruskan: RM100 untuk  dewasa, RM500 untuk penerima miskin tegar - Anwar",KiniTV,https://www.youtube.com/watch?v=UGAL8690ngc,2026-01-05T06:06:45Z,cost_of_living_public_policy,Oklah tu syukur alhamdulillah,d3d573aeab614031b1e9,2026-01-09T02:39:07Z,2026-01-09T02:39:07Z,0,0,True,True,none,,2026-06-17T15:11:40.405597+00:00,raw,,Oklah tu syukur alhamdulillah,oklah tu syukur alhamdulillah,4,29,0,False,True,0,0,0,BM,id,0,0,,False,False,accepted,positive,0.0886560380458831,0.1014858111739158,0.8098581433296204,0.8098581433296204,0.7083723321557045,high,low,,positive,reviewed,Added from reviewed positive supplement,positive,cardiffnlp/twitter-xlm-roberta-base-sentiment-multilingual,automatic_prelabel,,False,37,2026-06-18 20:33:38,human_manual_review_positive_supplement,available,,positive_shortage_after_manual_review,positive
YT_UgwiJv3ZLgIixadMEXF4AaABAg,YouTube,top_level_comment,UgwiJv3ZLgIixadMEXF4AaABAg,UgwiJv3ZLgIixadMEXF4AaABAg,Wk-HcKtIaGY,Are We About to See a Chinese Tourist Boom in Malaysia?,Ziet Invests,https://www.youtube.com/watch?v=Wk-HcKtIaGY,2026-02-12T11:00:42Z,tourism_lifestyle_events,"Malaysia will officially become a high income country likely this year (2025) or next year (2026). So, a big deal as it's the only ASEAN country to hit that besides the smaller city states like SG and Brunei.",1d94578d83950b5fdd07,2026-02-14T04:55:13Z,2026-02-14T04:55:13Z,4,0,True,True,none,,2026-06-17T15:11:46.187823+00:00,raw,,"Malaysia will officially become a high income country likely this year (2025) or next year (2026). So, a big deal as it's the only ASEAN country to hit that besides the smaller city states like SG and Brunei.",malaysia will officially become a high income country likely this year 2025 or next year 2026 so a big deal as it s the only asean country to hit that besides the smaller city states like sg and brunei,38,208,0,False,True,0,0,0,MIXED,en,1,4,,False,False,accepted,positive,0.0287212021648883,0.1705905348062515,0.8006882071495056,0.8006882071495056,0.6300976723432541,high,medium,mixed_language,positive,reviewed,Added from reviewed positive supplement,positive,cardiffnlp/twitter-xlm-roberta-base-sentiment-multilingual,automatic_prelabel,,False,44,2026-06-18 20:33:38,human_manual_review_positive_supplement,available,,positive_shortage_after_manual_review,positive
YT_UgyfFW6dNqpP6udL_Hp4AaABAg,YouTube,top_level_comment,UgyfFW6dNqpP6udL_Hp4AaABAg,UgyfFW6dNqpP6udL_Hp4AaABAg,zCSY4bGWUXc,"Suara Rakyat: Nilai semula subsidi petrol golongan kaya, apa kata orang miskin?",Astro AWANI,https://www.youtube.com/watch?v=zCSY4bGWUXc,2026-05-11T12:14:22Z,cost_of_living_public_policy,Jawapan untie spt org pentingkan diri sendiri...uncle you're give good answer,908f0071f825c4f8e7a8,2026-05-11T13:55:28Z,2026-05-11T13:56:27Z,0,0,True,True,none,,2026-06-17T15:11:37.971105+00:00,raw,,Jawapan untie spt org pentingkan diri sendiri..uncle you're give good answer,jawapan untie spt org pentingkan diri sendiri uncle you re give good answer,12,76,0,False,True,0,0,0,EN,id,0,1,,False,False,accepted,positive,0.1302896738052368,0.2316825240850448,0.6380277872085571,0.6380277872085571,0.4063452631235122,medium,medium,medium_confidence,positive,reviewed,Added from reviewed positive supplement,positive,cardiffnlp/twitter-xlm-roberta-base-sentiment-multilingual,automatic_prelabel,,False,63,2026-06-18 20:33:38,human_manual_review_positive_supplement,available,,positive_shortage_after_manual_review,positive
YT_UgwvxUd5SqBFK76Bp3F4AaABAg,YouTube,top_level_comment,UgwvxUd5SqBFK76Bp3F4AaABAg,UgwvxUd5SqBFK76Bp3F4AaABAg,MpBToZaCuWE,LRT derailment: Commuters want track and train maintenance to be enhanced,The Star,https://www.youtube.com/watch?v=MpBToZaCuWE,2026-05-28T08:54:43Z,transport_public_services,"Recently I took MRT and found loud sounds along the route, I dun know why ?? When it first started , there is no such strange sound !!!",60a7d57c50f61c77471c,2026-05-29T01:56:09Z,2026-05-29T01:56:09Z,1,0,True,True,none,,2026-06-17T15:11:46.538400+00:00,raw,,"Recently I took MRT and found loud sounds along the route, I dun know why ?? When it first started , there is no such strange sound !!",recently i took mrt and found loud sounds along the route i dun know why when it first started there is no such strange sound,25,134,0,False,True,0,0,0,EN,en,0,5,,False,False,accepted,positive,0.1012077406048774,0.2894298434257507,0.6093623638153076,0.6093623638153076,0.3199325203895569,medium,medium,medium_confidence,positive,reviewed,Added from reviewed positive supplement,positive,cardiffnlp/twitter-xlm-roberta-base-sentiment-multilingual,automatic_prelabel,,False,71,2026-06-18 20:33:38,human_manual_review_positive_supplement,available,,positive_shortage_after_manual_review,positive
YT_UgyvltE_yC3KFkd04DJ4AaABAg,YouTube,top_level_comment,UgyvltE_yC3KFkd04DJ4AaABAg,UgyvltE_yC3KFkd04DJ4AaABAg,lWY3O9pFexo,KOS SARA HIDUP | PM Umum Butiran Penghargaan Untuk Rakyat Esok (BU),Buletin TV3,https://www.youtube.com/watch?v=lWY3O9pFexo,2025-07-22T12:11:44Z,cost_of_living_public_policy,Jika penghargaan buat rakyat.sepatut nya di Beri kepada rakyat yang menyokong kerajaan ph saja.jgn bagi kepada yang menentang kerajaan 😂,13c5526e6cd715d766fc,2025-07-22T15:51:38Z,2025-07-22T15:51:38Z,0,0,True,True,none,,2026-06-17T15:11:38.330996+00:00,raw,,Jika penghargaan buat rakyat.sepatut nya di Beri kepada rakyat yang menyokong kerajaan ph saja.jgn bagi kepada yang menentang kerajaan 😂,jika penghargaan buat rakyat sepatut nya di beri kepada rakyat yang menyokong kerajaan ph saja jgn bagi kepada yang menentang kerajaan,21,136,1,False,True,0,0,0,BM,id,3,0,,False,False,accepted,positive,0.3198263347148895,0.2780073583126068,0.4021663665771484,0.4021663665771484,0.0823400318622589,low,high,low_confidence | small_probability_margin,positive,reviewed,Added from reviewed positive supplement,positive,cardiffnlp/twitter-xlm-roberta-base-sentiment-multilingual,automatic_prelabel,,False,117,2026-06-18 20:33:38,human_manual_review_positive_supplement,available,,positive_shortage_after_manual_review,positive
YT_Ugx_9TuEHVl5coYVLZh4AaABAg,YouTube,top_level_comment,Ugx_9TuEHVl5coYVLZh4AaABAg,Ugx_9TuEHVl5coYVLZh4AaABAg,L-iPwc5b3oI,Malaysia rolls out the welcome mat for first tourists of 2026,The Star,https://www.youtube.com/watch?v=L-iPwc5b3oI,2026-01-01T05:54:35Z,tourism_lifestyle_events,Smile. .don't get angry with the guest. .show your friendliness and professionalism .🇲🇾🇲🇾🇲🇾🇲🇾,d3ca20298671213f5698,2026-01-01T07:34:49Z,2026-01-01T07:34:49Z,43,1,True,True,none,,2026-06-17T15:11:45.906887+00:00,raw,,Smile. .don't get angry with the guest. .show your friendliness and professionalism .🇲🇾🇲🇾🇲🇾🇲🇾,smile don t get angry with the guest show your friendliness and professionalism,12,93,4,False,True,0,0,0,EN,en,0,2,,False,False,accepted,positive,0.2451024949550628,0.353439062833786,0.4014584720134735,0.4014584720134735,0.0480194091796875,low,high,low_confidence | small_probability_margin,positive,reviewed,Added from reviewed positive supplement,positive,cardiffnlp/twitter-xlm-roberta-base-sentiment-multilingual,automatic_prelabel,,False,118,2026-06-18 20:33:38,human_manual_review_positive_supplement,available,,positive_shortage_after_manual_review,positive
